"interval","HR","HR_lower","HR_upper"
"0–8",4.01683348776822,3.71000581017966,4.34903665762046
"8–16",4.90341001151691,4.52134270816746,5.31776317190281
"16–24",4.17665849758021,3.80575459067651,4.58371021824295
"24–32",3.07858054550515,2.8078270301752,3.37544231653452
"32-36",2.67684051308865,2.31672468097946,3.09293339486646
