"interval","HR","HR_lower","HR_upper","interval2"
"0–8",7.75918908997616,6.65419284664926,9.04768117207806,"0–8"
"8–16",9.54909728544294,8.23438650239628,11.0737161706362,"8–16"
"16–24",8.5990576767796,7.20424176234026,10.26392441674,"16–24"
"24–32",3.84605904019056,3.18609243984197,4.64273100041165,"24–32"
"32-36",3.45055005851317,2.57590649242059,4.62217698559269,"32-36"
